{"cameraMode":{"drawMode":0,"name":"Shaded","section":"Shading Mode"},"sceneLighting":true,"audioPlay":false,"sceneViewState":{"showFog":true,"showMaterialUpdate":false,"showSkybox":true,"showFlares":true,"showImageEffects":true,"showParticleSystems":true},"in2DMode":false,"pivot":{"x":0.3243732154369354,"y":0.4595130383968353,"z":0.1775272637605667},"rotation":{"x":0.04917164519429207,"y":-0.9320188164710999,"z":0.13830061256885529,"w":0.3314375877380371},"size":10.057267189025879,"orthographic":false}