{"cameraMode":{"drawMode":0,"name":"Shaded","section":"Shading Mode"},"sceneLighting":true,"audioPlay":false,"sceneViewState":{"showFog":true,"showMaterialUpdate":false,"showSkybox":true,"showFlares":true,"showImageEffects":true,"showParticleSystems":true},"in2DMode":false,"pivot":{"x":-0.10074754059314728,"y":0.04793413728475571,"z":0.7939233779907227},"rotation":{"x":0.008823701180517674,"y":0.9798853397369385,"z":-0.04442750662565231,"w":0.19448444247245789},"size":0.7552573084831238,"orthographic":false}