{"cameraMode":{"drawMode":0,"name":"Shaded","section":"Shading Mode"},"sceneLighting":true,"audioPlay":false,"sceneViewState":{"showFog":true,"showMaterialUpdate":false,"showSkybox":true,"showFlares":true,"showImageEffects":true,"showParticleSystems":true},"in2DMode":false,"pivot":{"x":7.61168098449707,"y":-0.6889593601226807,"z":-7.076831340789795},"rotation":{"x":-0.01540492381900549,"y":-0.9123277068138123,"z":0.0345207042992115,"w":-0.4077904224395752},"size":10.228682518005371,"orthographic":false}