{"cameraMode":{"drawMode":0,"name":"Shaded","section":"Shading Mode"},"sceneLighting":true,"audioPlay":false,"sceneViewState":{"showFog":false,"showMaterialUpdate":false,"showSkybox":false,"showFlares":false,"showImageEffects":false,"showParticleSystems":false},"in2DMode":false,"pivot":{"x":-0.7710000276565552,"y":0.11399999260902405,"z":0.6000000238418579},"rotation":{"x":-0.03522515296936035,"y":-0.6782183647155762,"z":-0.032579205930233,"w":0.7332946062088013},"size":0.4950721263885498,"orthographic":false}