{"cameraMode":{"drawMode":0,"name":"Shaded","section":"Shading Mode"},"sceneLighting":true,"audioPlay":false,"sceneViewState":{"showFog":false,"showMaterialUpdate":false,"showSkybox":false,"showFlares":false,"showImageEffects":false,"showParticleSystems":false},"in2DMode":false,"pivot":{"x":-0.2576935589313507,"y":-0.018600016832351686,"z":-1.17630136013031},"rotation":{"x":0.001027689198963344,"y":-0.9953946471214294,"z":0.01044930424541235,"w":0.0955677479505539},"size":0.8246277570724487,"orthographic":false}