{"cameraMode":{"drawMode":0,"name":"Shaded","section":"Shading Mode"},"sceneLighting":true,"audioPlay":false,"sceneViewState":{"showFog":false,"showMaterialUpdate":false,"showSkybox":false,"showFlares":false,"showImageEffects":false,"showParticleSystems":false},"in2DMode":false,"pivot":{"x":0.39421379566192629,"y":-0.03326132893562317,"z":0.5181596279144287},"rotation":{"x":-0.0009547313675284386,"y":0.9960309863090515,"z":-0.08837970346212387,"w":-0.010762667283415795},"size":0.4950721263885498,"orthographic":false}