{"cameraMode":{"drawMode":0,"name":"Shaded","section":"Shading Mode"},"sceneLighting":true,"audioPlay":false,"sceneViewState":{"showFog":false,"showMaterialUpdate":false,"showSkybox":false,"showFlares":false,"showImageEffects":false,"showParticleSystems":false},"in2DMode":false,"pivot":{"x":0.9665985703468323,"y":-0.01860000193119049,"z":0.34529995918273928},"rotation":{"x":-0.0026064752601087095,"y":-0.9006953835487366,"z":-0.0054043992422521118,"w":0.43441760540008547},"size":0.852630078792572,"orthographic":true}